{"count":1,"self":2758.2414848,"total":8402.2667214,"children":{"InitializeActuators":{"count":5831,"self":0.17388009999999998,"total":0.17388009999999998,"children":null},"InitializeSensors":{"count":5831,"self":0.1101211,"total":0.1101211,"children":null},"AgentSendState":{"count":281050,"self":93.6921216,"total":2050.3190873999997,"children":{"CollectObservations":{"count":6475507,"self":110.007808,"total":110.0078023,"children":null},"WriteActionMask":{"count":6475507,"self":23.2554688,"total":23.2554683,"children":null},"RequestDecision":{"count":6475507,"self":82.120511999999991,"total":1823.3636941,"children":{"AgentInfo.ToProto":{"count":6475507,"self":87.8181376,"total":1741.2431835999998,"children":{"GenerateSensorData":{"count":6475507,"self":1653.4250496,"total":1653.4250439,"children":null}}}}}}},"DecideAction":{"count":281050,"self":3495.3990144,"total":3495.3989205999997,"children":null},"AgentAct":{"count":281050,"self":95.6467584,"total":95.646761099999992,"children":null},"AgentInfo.ToProto":{"count":5725,"self":0.1289323,"total":2.376401,"children":{"GenerateSensorData":{"count":5725,"self":2.2474688,"total":2.2474686999999998,"children":null}}}},"gauges":{"cow.CumulativeReward":{"count":572,"max":946.9455,"min":-667.874451,"runningAverage":-152.105408,"value":260.263,"weightedAverage":-29.05945},"wolf.CumulativeReward":{"count":562,"max":1104.846,"min":-869.4719,"runningAverage":-169.532227,"value":-168.5094,"weightedAverage":-118.263763},"chicken.CumulativeReward":{"count":633,"max":-19.68024,"min":-554.5826,"runningAverage":-164.577057,"value":-147.255951,"weightedAverage":-122.473663},"owl.CumulativeReward":{"count":533,"max":377.585846,"min":-519.3006,"runningAverage":-161.768448,"value":-96.57685,"weightedAverage":-130.069153},"bird.CumulativeReward":{"count":549,"max":-19.3202324,"min":-732.9278,"runningAverage":-201.894119,"value":-153.275436,"weightedAverage":-160.062271},"gorilla.CumulativeReward":{"count":558,"max":-16.18016,"min":-694.3041,"runningAverage":-188.5896,"value":-147.236832,"weightedAverage":-142.687378},"oragatan.CumulativeReward":{"count":539,"max":-11.5000534,"min":-888.5405,"runningAverage":-236.7209,"value":-163.598785,"weightedAverage":-163.663071},"fox.CumulativeReward":{"count":576,"max":23.8270931,"min":-958.165344,"runningAverage":-242.267044,"value":-166.854691,"weightedAverage":-172.018723},"eagle.CumulativeReward":{"count":591,"max":-34.3405762,"min":-889.30304,"runningAverage":-245.035034,"value":-148.406128,"weightedAverage":-148.768478},"bear.CumulativeReward":{"count":603,"max":-12.68008,"min":-875.545166,"runningAverage":-205.852081,"value":-170.464554,"weightedAverage":-157.059723}},"metadata":{"timer_format_version":"0.1.0","start_time_seconds":"1714929120","unity_version":"2022.3.8f1","command_line_arguments":"C:\\Program Files\\Unity\\Hub\\Editor\\2022.3.8f1\\Editor\\Unity.exe -projectpath C:\\Users\\pelir\\Documents\\GitHub\\Ecosystem-Simulation-Project\\Ecosystem Simulation Project -useHub -hubIPC -cloudEnvironment production -licensingIpc LicenseClient-pelir -hubSessionId d8b027fc-c940-4014-ab5f-fbe5f340fdf8 -accessToken uk0SBh2ftIiv-OCo4Dv0HGs6Tx8V62S93VBGOjHwusc002f","communication_protocol_version":"1.5.0","com.unity.ml-agents_version":"2.0.1","scene_name":"MainMenu","end_time_seconds":"1714937522"}}