{"count":1,"self":26979.296870399998,"total":28833.8225578,"children":{"InitializeActuators":{"count":2218,"self":0.0870532,"total":0.0870532,"children":null},"InitializeSensors":{"count":2218,"self":0.065136199999999991,"total":0.065136199999999991,"children":null},"AgentSendState":{"count":85200,"self":30.842265599999998,"total":678.6895612,"children":{"CollectObservations":{"count":2264747,"self":37.7042624,"total":37.7042636,"children":null},"WriteActionMask":{"count":2264747,"self":7.0448976,"total":7.044898,"children":null},"RequestDecision":{"count":2264747,"self":26.012347199999997,"total":603.0981332,"children":{"AgentInfo.ToProto":{"count":2264747,"self":28.843087999999998,"total":577.0857861,"children":{"GenerateSensorData":{"count":2264747,"self":548.24268799999993,"total":548.24269789999994,"children":null}}}}}}},"DecideAction":{"count":85200,"self":1131.9883776,"total":1131.9884167,"children":null},"AgentAct":{"count":85200,"self":42.5097312,"total":42.509732199999995,"children":null},"AgentInfo.ToProto":{"count":2069,"self":0.0528846,"total":1.1810352,"children":{"GenerateSensorData":{"count":2069,"self":1.1281506,"total":1.1281506,"children":null}}}},"gauges":{"oragatan.CumulativeReward":{"count":216,"max":1286.56384,"min":-298.1806,"runningAverage":-37.9194641,"value":337.148621,"weightedAverage":141.1781},"gorilla.CumulativeReward":{"count":217,"max":-3.68904829,"min":-319.768768,"runningAverage":-100.880005,"value":-132.556915,"weightedAverage":-125.838791},"wolf.CumulativeReward":{"count":224,"max":609.856445,"min":-467.602875,"runningAverage":-79.37317,"value":-164.9382,"weightedAverage":-97.7957},"bird.CumulativeReward":{"count":218,"max":151.7667,"min":-448.633667,"runningAverage":-89.70352,"value":-124.68438,"weightedAverage":-110.495819},"owl.CumulativeReward":{"count":194,"max":381.293335,"min":-387.990265,"runningAverage":-111.092545,"value":-121.200722,"weightedAverage":-87.13693},"cow.CumulativeReward":{"count":202,"max":649.6867,"min":-320.851959,"runningAverage":-101.866722,"value":-102.331665,"weightedAverage":-90.13661},"fox.CumulativeReward":{"count":185,"max":87.74506,"min":-318.416626,"runningAverage":-105.272469,"value":-143.367,"weightedAverage":-122.9969},"bear.CumulativeReward":{"count":228,"max":5.26208,"min":-456.31546,"runningAverage":-151.022385,"value":-181.298019,"weightedAverage":-133.100143},"chicken.CumulativeReward":{"count":187,"max":-1.65913916,"min":-445.9025,"runningAverage":-150.282867,"value":-108.133293,"weightedAverage":-96.88994},"eagle.CumulativeReward":{"count":188,"max":-5.01,"min":-536.9853,"runningAverage":-156.535461,"value":-181.298019,"weightedAverage":-131.436646}},"metadata":{"timer_format_version":"0.1.0","start_time_seconds":"1714939052","unity_version":"2022.3.8f1","command_line_arguments":"C:\\Program Files\\Unity\\Hub\\Editor\\2022.3.8f1\\Editor\\Unity.exe -projectpath C:\\Users\\pelir\\Documents\\GitHub\\Ecosystem-Simulation-Project\\Ecosystem Simulation Project -useHub -hubIPC -cloudEnvironment production -licensingIpc LicenseClient-pelir -hubSessionId d8b027fc-c940-4014-ab5f-fbe5f340fdf8 -accessToken d6oNBXHcgXzFz6gWxGSuZygY2u4UETpLe9BmpBcBvA8002f","communication_protocol_version":"1.5.0","com.unity.ml-agents_version":"2.0.1","scene_name":"Main","end_time_seconds":"1714967886"}}