{"count":1,"self":144.2607104,"total":148.1381399,"children":{"InitializeActuators":{"count":40,"self":0.00099859999999999988,"total":0.00099859999999999988,"children":null},"InitializeSensors":{"count":40,"self":0.0020009999999999997,"total":0.0020009999999999997,"children":null},"AgentSendState":{"count":6831,"self":0.1970634,"total":3.2186141999999998,"children":{"CollectObservations":{"count":41020,"self":0.10594289999999999,"total":0.10594289999999999,"children":null},"WriteActionMask":{"count":41020,"self":0.041011599999999995,"total":0.041011599999999995,"children":null},"RequestDecision":{"count":41020,"self":2.8745963999999997,"total":2.8745963,"children":null}}},"DecideAction":{"count":6831,"self":0.24036059999999998,"total":0.24036059999999998,"children":null},"AgentAct":{"count":6831,"self":0.4154538,"total":0.4154538,"children":null}},"gauges":{},"metadata":{"timer_format_version":"0.1.0","start_time_seconds":"1714274458","unity_version":"2022.3.8f1","command_line_arguments":"C:\\Program Files\\Unity\\Hub\\Editor\\2022.3.8f1\\Editor\\Unity.exe -projectpath D:\\Unity\\Ecosystem-Simulation-Project\\Ecosystem Simulation Project -useHub -hubIPC -cloudEnvironment production -licensingIpc LicenseClient-colby -hubSessionId 6cfc4603-e73e-4874-9bd0-862aff0f9e34 -accessToken GGgtSRe5uhDfzFGn7CeyhO_A052ybPv6w94QZQ11i8E001f","communication_protocol_version":"1.5.0","com.unity.ml-agents_version":"2.0.1","scene_name":"MainMenu","end_time_seconds":"1714274606"}}