{"count":1,"self":16.382566399999998,"total":16.8637248,"children":{"InitializeActuators":{"count":43,"self":0.0030007999999999996,"total":0.0030007999999999996,"children":null},"InitializeSensors":{"count":43,"self":0.0020001999999999997,"total":0.0020001999999999997,"children":null},"AgentSendState":{"count":547,"self":0.028048399999999998,"total":0.3981843,"children":{"CollectObservations":{"count":4730,"self":0.018996799999999998,"total":0.018996799999999998,"children":null},"WriteActionMask":{"count":4730,"self":0.0080273999999999988,"total":0.0080273999999999988,"children":null},"RequestDecision":{"count":4730,"self":0.34311169999999996,"total":0.34311169999999996,"children":null}}},"DecideAction":{"count":547,"self":0.033994699999999996,"total":0.033994699999999996,"children":null},"AgentAct":{"count":547,"self":0.0439785,"total":0.0439785,"children":null}},"gauges":{},"metadata":{"timer_format_version":"0.1.0","start_time_seconds":"1713745343","unity_version":"2022.3.8f1","command_line_arguments":"C:\\Program Files\\Unity\\Hub\\Editor\\2022.3.8f1\\Editor\\Unity.exe -projectpath D:\\Unity\\Ecosystem-Simulation-Project\\Ecosystem Simulation Project -useHub -hubIPC -cloudEnvironment production -licensingIpc LicenseClient-colby -hubSessionId 6df183cd-78c0-43f4-a6e2-ac868396ec15 -accessToken WEgL-o4NJOOJEcGmUX70YngNK5Krhmj_ilKmsKJ2tP0001f","communication_protocol_version":"1.5.0","com.unity.ml-agents_version":"2.0.1","scene_name":"MainMenu","end_time_seconds":"1713745360"}}