{"count":1,"self":3.8168588,"total":20.8948142,"children":{"InitializeActuators":{"count":30,"self":0.00099859999999999988,"total":0.00099859999999999988,"children":null},"InitializeSensors":{"count":30,"self":0.0019993,"total":0.0019993,"children":null},"AgentSendState":{"count":4184,"self":0.039992599999999996,"total":2.6484566,"children":{"CollectObservations":{"count":11417,"self":0.2880872,"total":0.2880872,"children":null},"WriteActionMask":{"count":11417,"self":0.0070260999999999995,"total":0.0070260999999999995,"children":null},"RequestDecision":{"count":11417,"self":0.0407664,"total":2.3133507,"children":{"AgentInfo.ToProto":{"count":11417,"self":0.0499796,"total":2.2725843,"children":{"GenerateSensorData":{"count":11417,"self":2.2226048,"total":2.2226046999999998,"children":null}}}}}}},"DecideAction":{"count":4184,"self":14.3415024,"total":14.341503,"children":null},"AgentAct":{"count":4184,"self":0.076998299999999992,"total":0.076998299999999992,"children":null},"AgentInfo.ToProto":{"count":19,"self":0,"total":0.0070009999999999994,"children":{"GenerateSensorData":{"count":19,"self":0.0070009999999999994,"total":0.0070009999999999994,"children":null}}}},"gauges":{},"metadata":{"timer_format_version":"0.1.0","start_time_seconds":"1712968396","unity_version":"2022.3.8f1","command_line_arguments":"C:\\Program Files\\Unity\\Hub\\Editor\\2022.3.8f1\\Editor\\Unity.exe -projectpath D:\\Unity\\Ecosystem-Simulation-Project\\Ecosystem Simulation Project -useHub -hubIPC -cloudEnvironment production -licensingIpc LicenseClient-colby -hubSessionId 966abac8-de85-4519-8410-2a4c9931d8e0 -accessToken liuGKg-WMWo4L_JN-BAZ_h9MfWaQp9c2Bw19ZRcnauo001f","communication_protocol_version":"1.5.0","com.unity.ml-agents_version":"2.0.1","scene_name":"Main","end_time_seconds":"1712968417"}}